Id,Title,Url,spectator,netizen,thumbnail,reporter,genre,country,rumtime,release,director,actor,age,summary,age_10,age20,age30,age40,age50
213746,장민호 드라마 최종회,https://movie.naver.com/movie/bi/mi/basic.naver?code=213746,9.9,9.7,https://movie-phinf.pstatic.net/20220113_226/16420596611869mV1x_JPEG/movie_image.jpg?type=m203_290_2,평점없음,공연실황,한국,106분, 2022.01.24,장민호,데이터 없음,전체관람가,"노래, 댄스, 예능은 물론 퍼포먼스까지!만능엔터테이너이자 트로트 꽃사슴으로 불리는아티스트 장민호의 생애 첫 단독 콘서트 실황과 무대 밖 미공개 영상그리고 팬들을 향한 그의 진심을 담은 콘서트 무비",0%,0%,20%,40%,40%
171539,그린 북,https://movie.naver.com/movie/bi/mi/basic.naver?code=171539,9.55,9.6,https://movie-phinf.pstatic.net/20190115_228/1547528180168jgEP7_JPEG/movie_image.jpg?type=m203_290_2,7.29,드라마,미국,130분, 2019.01.09,피터 패럴리,"비고 모텐슨(토니 발레롱가), 마허샬라 알리(돈 셜리 박사)",12세 관람가,"1962년 미국, 입담과 주먹만 믿고 살아가던 토니 발레롱가(비고 모텐슨)는 교양과 우아함 그 자체인천재 피아니스트 돈 셜리(마허샬라 알리) 박사의 운전기사 면접을 보게 된다.백악관에도 초청되는 등 미국 전역에서 콘서트 요청을 받으며 명성을 떨치고 있는 돈 셜리는위험하기로 소문난 미국 남부 투어 공연을 떠나기로 결심하고,투어 기간 동안 자신의 보디가드 겸 운전기사로 토니를 고용한다.거친 인생을 살아온 토니 발레롱가와 교양과 기품을 지키며 살아온 돈 셜리 박사.생각, 행동, 말투, 취향까지 달라도 너무 다른 두 사람은그들을 위한 여행안내서 ‘그린북’에 의존해 특별한 남부 투어를 시작하는데…",0%,30%,29%,17%,23%
174830,가버나움,https://movie.naver.com/movie/bi/mi/basic.naver?code=174830,9.54,9.59,https://movie-phinf.pstatic.net/20190109_149/1546998123676c6LjJ_JPEG/movie_image.jpg?type=m203_290_2,7.33,드라마,레바논,126분, 2019.01.24,나딘 라바키,"자인 알 라피아(자인), 요르다노스 시프로우(라힐)",15세 관람가,"나를 세상에 태어나게 한 ""부모님을 고소하고 싶어요...""-출생기록조차 없이 살아온 어쩌면 12살 소년 '자인'으로부터",2%,37%,29%,15%,17%
186114,밥정,https://movie.naver.com/movie/bi/mi/basic.naver?code=186114,9.7,9.58,https://movie-phinf.pstatic.net/20200914_150/1600046531864xvhtF_JPEG/movie_image.jpg?type=m203_290_2,7.0,다큐멘터리,한국,82분, 2020.10.07,박혜령,임지호(본인),전체 관람가,"잔디, 잡초, 이끼, 나뭇가지.. 자연을 재료 삼아 요리를 만드는 방랑식객 임지호 셰프. 친어머니와 양어머니에 대한 아픈 사연을 간직한 그는 길에서 인연을 맺은 사람들에게 기꺼이 음식을 대접한다.지리산에서 만난 김순규 할머니를 길 위의 어머니로 10년간 모시지만, 끝끝내 찾아온 3번째 이별.임지호 셰프는 낳아주신, 길러주신, 그리고 마음을 나눠주신 3명의 어머니를 위해 3일 동안 108접시의 음식을 장만한다.‘밥’으로 ‘정’을 나누는 인생의 참맛, 더 늦기 전에 당신과 나누고 싶습니다…",5%,35%,25%,15%,20%
192613,디지몬 어드벤처 라스트 에볼루션 : 인연,https://movie.naver.com/movie/bi/mi/basic.naver?code=192613,데이터 없음,9.54,https://movie-phinf.pstatic.net/20200515_88/1589512642615JWBeQ_JPEG/movie_image.jpg?type=m203_290_2,평점없음,애니메이션,일본,114분, 2021.02.17,타구치 토모히사,"하나에 나츠키(야가미 타이치), 호소야 요시마사(이시다 야마토), 사카모토 치카(아구몬)",12세 관람가,"컴퓨터 모니터를 통해 세상 밖으로 나온 의문의 알.타이치와 히카리 남매 앞에 디지몬과의 신비롭고 운명적인 만남이 펼쳐진다.<디지몬 어드벤처 : 운명적 만남>""우리들의 끈끈한 '인연'을 보여주자.""대학생 타이치와 다른 '선택받은 아이들'은 모두 각자의 자리에서 저마다의 삶을 살아가고 있다.그러던 어느 날, 전 세계의 '선택받은 아이들'에게 의문의 사건이 일어나기 시작한다.에오스몬이라 불리는 디지몬에 그 원인이 있음을 알게 된 타이치 일동은 에오스몬을 제압하려 하지만 이내 아구몬을 비롯한 디지몬들의 진화에 문제가 발생하는데…세상의 이변에서 다시 한번 친구들을 구할 수 있을까?<디지몬 어드벤처 : 라스트 에볼루션 인연>",데이터 없음,데이터 없음,데이터 없음,데이터 없음,데이터 없음
144906,베일리 어게인,https://movie.naver.com/movie/bi/mi/basic.naver?code=144906,9.42,9.53,https://movie-phinf.pstatic.net/20181031_264/1540949415228uy0j3_JPEG/movie_image.jpg?type=m203_290_2,5.4,모험,미국,100분, 2018.11.22,라세 할스트롬,"조시 게드(베일리/ 엘리/ 티노/ 버디 목소리), 데니스 퀘이드(이든), K.J. 아파(십대 이든)",전체 관람가,"귀여운 소년 ‘이든’의 단짝 반려견 ‘베일리’는 행복한 생을 마감한다.하지만 눈을 떠보니 다시 시작된 견생 2회차, 아니 3회차?!1등 경찰견 ‘엘리’에서 찰떡같이 마음을 알아주는 소울메이트 ‘티노’까지!다시 태어날 때마다 성별과 생김새, 직업(?)에 이름도 바뀌지만,여전히 영혼만은 사랑 충만! 애교 충만! 주인바라기 ‘베일리’어느덧 견생 4회차, 방랑견이 되어 떠돌던 ‘베일리’는마침내 자신이 돌아온 진짜 이유를 깨닫고 어딘가로 달려가기 시작하는데…",3%,48%,23%,19%,7%
151196,원더,https://movie.naver.com/movie/bi/mi/basic.naver?code=151196,9.43,9.53,https://movie-phinf.pstatic.net/20210201_56/16121602734716k8oV_JPEG/movie_image.jpg?type=m203_290_2,6.86,드라마,미국,113분,2021.02.11 ,스티븐 크보스키,"제이콥 트렘블레이(어기 풀먼), 줄리아 로버츠(이자벨 풀먼), 오웬 윌슨(네이트 풀먼)",전체 관람가,"누구보다 위트 있고 호기심 많은 매력 부자 ‘어기'(제이콥 트렘블레이).하지만 남들과 다른 외모로 태어난 ‘어기'는 모두가 좋아하는 크리스마스 대신 얼굴을 감출 수 있는 할로윈을 더 좋아한다.10살이 된 아들에게 더 큰 세상을 보여주고 싶었던 엄마 ‘이사벨’(줄리아 로버츠)과 아빠 ‘네이트’(오웬 윌슨)는 ‘어기'를 학교에 보낼 준비를 하고, 동생에게 모든 것을 양보해왔지만 누구보다 그를 사랑하는 누나 ‘비아'도 ‘어기'의 첫걸음을 응원해준다.그렇게 가족이 세상의 전부였던 ‘어기'는 처음으로 헬멧을 벗고 낯선 세상에 용감하게 첫발을 내딛지만 첫날부터 ‘남다른 외모'로 화제의 주인공이 되고, 사람들의 시선에 큰 상처를 받는다.그러나 ‘어기'는 27번의 성형(?)수술을 견뎌낸 긍정적인 성격으로 다시 한번 용기를 내고, 주변 사람들도 하나둘 변하기 시작하는데...",2%,34%,27%,29%,8%
169240,아일라,https://movie.naver.com/movie/bi/mi/basic.naver?code=169240,9.13,9.52,https://movie-phinf.pstatic.net/20180524_108/1527129319423XRTcI_JPEG/movie_image.jpg?type=m203_290_2,5.25,드라마,한국,123분, 2018.06.21,잔 울카이,"김설(아일라), 이스마일 하지오글루(슐레이만)",15세 관람가,"1950년 한국전쟁에 파병된 ‘슐레이만’은 칠흑 같은 어둠 속 홀로 남겨진 5살 소녀를 발견한다.전쟁과 부모를 잃은 충격 속에 말을 잃은 소녀. ‘슐레이만’은 소녀에게 터키어로 ‘달’이라는 뜻의 ‘아일라’라는 이름을 지어주고 함께 부대로 향한다. 서로에게 무엇과도 바꿀 수 없는 가장 소중한 존재가 된 두 사람. 그러나 행복도 잠시, ‘슐레이만’은 종전과 함께 고국으로 돌아가라는 명령을 받게 되고, ‘아일라’를 끝까지 지켜내기 위해 모두의 반대 속에 자신의 선택을 감행하게 되는데…전 세계를 감동시킨 위대한 이야기가 찾아온다!",0%,47%,27%,17%,9%
196843,극장판 바이올렛 에버가든,https://movie.naver.com/movie/bi/mi/basic.naver?code=196843,9.68,9.51,https://movie-phinf.pstatic.net/20201015_24/1602727813929ObxtV_JPEG/movie_image.jpg?type=m203_290_2,6.5,애니메이션,일본,140분, 2020.11.12,이시다테 타이치,"이시카와 유이(바이올렛 에버가든 목소리), 나미카와 다이스케(길베르트 부겐빌리아 목소리)",전체 관람가,"친애하는 길베르트 소령님,오늘도 또 당신을 떠올리고 말았습니다. 무엇을 보든 무엇을 하든 당신이 떠오릅니다. 시간이 지나도 당신과 보냈던 기억은 선명하게 되살아납니다. 당신은 날 곁에 두었고 아무것도 모르는 제게 살아가는 방법을 가르쳐 주셨고처음으로 사랑이라는 감정을 알려주셨습니다. 그래서 이렇게 또 편지를 쓰게 됩니다. -언젠가 이 편지가 당신에게 닿기를 바라며-",17%,56%,17%,8%,2%
175092,먼 훗날 우리,https://movie.naver.com/movie/bi/mi/basic.naver?code=175092,데이터 없음,9.49,https://movie-phinf.pstatic.net/20180516_300/15264574387234QNai_JPEG/movie_image.jpg?type=m203_290_2,평점없음,드라마,중국,120분,개봉일 없음,유약영,"정백연, 주동우, 톈좡좡",전체관람가,"2007년 춘절, 귀향하는 기차에서 처음 만나 친구가 된 ‘린젠칭’(정백연)과 ‘팡샤오샤오’(주동우). 베이징에서 함께 꿈을 나누며 연인으로 발전하지만, 현실의 장벽 앞에 결국 가슴 아픈 이별을 하게 된다. 10년이 흐른 후, 두 사람은 북경행 비행기에서 운명처럼 재회하고 지난 시간들을 돌아보며 추억을 이야기하기 시작하는데…",데이터 없음,데이터 없음,데이터 없음,데이터 없음,데이터 없음
157243,당갈,https://movie.naver.com/movie/bi/mi/basic.naver?code=157243,9.62,9.49,https://movie-phinf.pstatic.net/20180329_2/1522287706725roSen_JPEG/movie_image.jpg?type=m203_290_2,7.0,드라마,인도,161분, 2018.04.25,니테쉬 티와리,"아미르 칸(마하비르 싱 포갓), 파티마 사나 셰이크(기타), 산야 말호트라(바비타)",12세 관람가,"전직 레슬링 선수였던 ‘마하비르 싱 포갓(아미르 칸)’은 아버지의 반대로 금메달의 꿈을 이루지 못한 채 레슬링을 포기한다.아들을 통해 꿈을 이루겠다는 생각은 내리 딸만 넷이 태어나면서 좌절된다.그러던 어느 날, 두 딸이 또래 남자아이들을 신나게 때린 모습에서 잠재력을 발견하고 레슬링 특훈에 돌입한다.사람들의 따가운 시선과 조롱에도 불구하고 첫째 기타(파티마 사나 셰이크)와 둘째 바비타(산야 말호트라)는아버지의 훈련 속에 재능을 발휘, 승승장구 승리를 거두며 국가대표 레슬러로까지 성장해 마침내 국제대회에 출전하는데...",6%,61%,18%,8%,7%
181710,포드 V 페라리,https://movie.naver.com/movie/bi/mi/basic.naver?code=181710,9.31,9.48,https://movie-phinf.pstatic.net/20191204_91/15754257752042kHvB_JPEG/movie_image.jpg?type=m203_290_2,7.63,액션,미국,152분, 2019.12.04,제임스 맨골드,"맷 데이먼(캐롤 셸비), 크리스찬 베일(켄 마일스)",12세 관람가,"1960년대, 매출 감소에 빠진 ‘포드’는 판매 활로를 찾기 위해스포츠카 레이스를 장악한 절대적 1위 ‘페라리’와의 인수 합병을 추진한다.막대한 자금력에도 불구, 계약에 실패하고 엔초 페라리로부터 모욕까지 당한 헨리 포드 2세는르망 24시간 레이스에서 페라리를 박살 낼 차를 만들 것을 지시한다. 불가능을 즐기는 두 남자를 주목하라!세계 3대 자동차 레이싱 대회이자 ‘지옥의 레이스’로 불리는 르망 24시간 레이스.출전 경험조차 없는 ‘포드’는 대회 6연패를 차지한 ‘페라리’에 대항하기 위해르망 레이스 우승자 출신 자동차 디자이너 ‘캐롤 셸비’(맷 데이먼)를 고용하고, 그는 누구와도 타협하지 않지만 열정과 실력만큼은 최고인 레이서 ‘켄 마일스’(크리스찬 베일)를 자신의 파트너로 영입한다.포드의 경영진은 제 멋대로인 ‘켄 마일스’를 눈엣가시처럼 여기며자신들의 입맛에 맞춘 레이스를 펼치기를 강요하지만두 사람은 어떤 간섭에도 굴하지 않고 불가능을 뛰어넘기 위한 질주를 시작하는데…그 어떤 각본보다 놀라운 실화가 펼쳐진다!",2%,38%,34%,18%,7%
196828,"그대, 고맙소 : 김호중 생애 첫 팬미팅 무비",https://movie.naver.com/movie/bi/mi/basic.naver?code=196828,데이터 없음,9.47,https://movie-phinf.pstatic.net/20200909_27/1599613772180VMijj_JPEG/movie_image.jpg?type=m203_290_2,평점없음,공연실황,한국,80분, 2020.09.29,오윤동,김호중,전체 관람가,"2020년 대한민국을 뒤흔든 트로트계의 파바로티, ‘트바로티 김호중’과 아리스가 서로에게 전하고픈 하나의 진심을 <그대, 고맙소 : 김호중 생애 첫 팬미팅 무비>에 담아 전한다.“꼭 말해주고 싶었습니다”2020년 8월, 김호중 팬미팅 현장의 열기와 기쁨, 현장에선 보지 못했던 비하인드 스토리와 미공개 무대까지 스크린에 담았다. 스크린X 오리지널 작품으로 기획 단계부터 고려된 3면 촬영 영상이 선보이는 현장보다 더 생생한 팬미팅 무비!팬미팅 현장에서 열창했던 곡들과 <그대, 고맙소 : 김호중 생애 첫 팬미팅 무비>를 위해 특별히 촬영된 미공개 무대까지 총 10곡의 무대를 선보인다. 역경을 딛고 일어나 인생역전의 아이콘이 되기까지 김호중이 느껴온 심정과 다져온 각오를 표현한 노래들을 담고 있다. 신곡과 미공개 무대들을 포함한 팬미팅 무비는 군입대 전 마지막 팬미팅 영상이자 팬들에게 전하고픈 김호중의 진심을 꾹꾹 눌러 담아 전하고 있다.",데이터 없음,데이터 없음,데이터 없음,데이터 없음,데이터 없음
179518,주전장,https://movie.naver.com/movie/bi/mi/basic.naver?code=179518,9.67,9.46,https://movie-phinf.pstatic.net/20190712_279/1562912698606Qv0GH_JPEG/movie_image.jpg?type=m203_290_2,7.33,다큐멘터리,미국,121분, 2019.07.25,미키 데자키,데이터 없음,전체관람가,"일본의 인종차별 문제를 다룬 영상을 올린 후 우익들의 공격 대상이 된 일본계 미국인 유튜버, 미키 데자키. 그는 일본군’위안부’에 관한 기사를 쓴 기자가 우익들에게 인신공격 당하는 것을 보며 왜 그토록 이들이 이 문제를 감추려고 하는지 궁금해졌다.호기심을 안고 찾아간 그들은 무시무시한 이야기를 전하고 그들의 주장을 반격하는 또 다른 인물들을 만나면서 숨겨진 비밀을 발견하게 되는데… 숨 쉴 틈 없는 전쟁이 시작된다!",3%,33%,34%,19%,11%
17421,쇼생크 탈출,https://movie.naver.com/movie/bi/mi/basic.naver?code=17421,9.88,9.45,https://movie-phinf.pstatic.net/20160119_278/14531650465287bcuk_JPEG/movie_image.jpg?type=m203_290_2,8.5,드라마,미국,142분,2016.02.24 ,프랭크 다라본트,"팀 로빈스(앤디 듀프레인), 모건 프리먼(엘리스 보이드 레드 레딩)",15세 관람가,"촉망 받던 은행 부지점장 ‘앤디(팀 로빈슨 分)’는 아내와 그 애인을 살해한 혐의로 종신형을 받고 쇼생크 교도소에 수감된다.강력범들이 수감된 이곳에서 재소자들은 짐승 취급 당하고, 혹여 간수 눈에 잘못 보였다가는 개죽음 당하기 십상이다.처음엔 적응 못하던 ‘앤디’는 교도소 내 모든 물건을 구해주는 ‘레드(모건 프리먼 分)’와 친해지며 교도소 생활에 적응하려 하지만, 악질 재소자에게 걸려 강간까지 당한다.그러던 어느 날, 간수장의 세금 면제를 도와주며 간수들의 비공식 회계사로 일하게 되고, 마침내는 소장의 검은 돈까지 관리해주게 된다.덕분에 교도소 내 도서관을 열 수 있게 되었을 무렵, 신참내기 ‘토미(길 벨로우스 分)’로부터 ‘앤디’의 무죄를 입증할 기회를 얻지만, 노튼 소장은 ‘앤디’를 독방에 가두고 ‘토미’를 무참히 죽여버리는데...",0%,82%,12%,6%,0%
10200,터미네이터 2:오리지널,https://movie.naver.com/movie/bi/mi/basic.naver?code=10200,9.51,9.45,https://movie-phinf.pstatic.net/20191010_99/1570669194041iWfdl_JPEG/movie_image.jpg?type=m203_290_2,평점없음,SF,미국,137분,2019.10.24 ,제임스 카메론,아놀드 슈왈제네거(터미네이터),15세 관람가,"미래, 인류와 기계의 전쟁은 계속 되는 가운데 스카이넷은 인류 저항군 사령관 존 코너를 없애기 위해액체 금속형 로봇인 T-1000을 과거의 어린 존 코너에게로 보낸다. 미래의 인류 운명을 쥔 어린 존 코너. 스카이넷의 T-1000은 거침없이 숨 가쁜 추격을 시작하는데…",0%,31%,31%,31%,8%
154667,덕구,https://movie.naver.com/movie/bi/mi/basic.naver?code=154667,9.3,9.44,https://movie-phinf.pstatic.net/20180312_10/1520835949152TqOUm_JPEG/movie_image.jpg?type=m203_290_2,5.5,드라마,한국,91분, 2018.04.05,방수인,"이순재(덕구할배), 정지훈(덕구)",전체 관람가,"어린 손자와 살고 있는 일흔 살 덕구 할배는자신에게 주어진 시간이 얼마 남지 않음을 알게 된다.세상에 덩그러니 남겨질 두 아이들을 위해할배는 자신을 대신할 사람을 찾아주기로 하고,홀로 먼 길을 떠나 특별한 선물을 준비하는데..",3%,47%,29%,16%,5%
10016,나 홀로 집에,https://movie.naver.com/movie/bi/mi/basic.naver?code=10016,데이터 없음,9.43,https://movie-phinf.pstatic.net/20111222_256/1324527530062tFbqt_JPEG/movie_image.jpg?type=m203_290_2,평점없음,모험,미국,105분, 1991.07.06,크리스 콜럼버스,"맥컬리 컬킨(케빈 맥콜리스터), 조 페시(좀도둑 해리 림), 다니엘 스턴(좀도둑 마브 머챈츠)",전체 관람가,"크리스마스 시즌의 시카고. 말썽꾸러기라 집안 가족들로부터 욕을 듣고 따돌림 당하는 케빈은 늘 자신은 혼자 살거라면서 가족들이 모두 없어졌으면 좋겠다고 생각한다. 자기의 치즈 피자를 먹은 형과 싸워 소동을 일으키자 엄마는 케빈을 3층 다락방으로 올려보낸다. 케빈의 가족들과 케빈의 집에 온 손님들은 다음 날에 크리스마스 연휴를 이용해 프랑스의 친척 집으로 떠날 계획이었다. 그날 밤, 바람이 세차게 불어 전화선과 전기선이 끊긴다. 케빈의 가족들은 늦잠을 자게 되어 비행기 시간을 맞추기 위해 허둥대다가 그만 3층 다락방에서 잠이 든 케빈을 두고 떠난다. 잠에서 깬 케빈은 혼자 남은 것을 알고 하느님이 자신의 소원을 들어주었다고 기뻐한다. 비행기를 타고 가던 케빈의 어머니는 무엇인가 빠뜨린 기분에 고민하다가 케빈을 두고 왔음에 놀란다. 하지만 전화선이 불통이라, 어쩔 수 없다가 프랑스에 도착한 식구들은 목적지로 가고 엄마는 케빈이 걱정이 되어 집으로 돌아갈 비행기표를 사기 위해 안간힘을 쓰지만 연말연휴라 좌석이 없었다.혼자 집에 남은 케빈은 형과 누나 방을 구경하면서 즐거워한다. 그리고 노래를 부르고 트리도 만들면서 자축한다. 그런데 빈집털이 2인조 도둑이 케빈의 집을 호시탐탐 노리고 있다는 것을 알게 되는데...",데이터 없음,데이터 없음,데이터 없음,데이터 없음,데이터 없음
187320,씽2게더,https://movie.naver.com/movie/bi/mi/basic.naver?code=187320,8.84,9.43,https://movie-phinf.pstatic.net/20211231_136/1640927037740RqKuo_JPEG/movie_image.jpg?type=m203_290_2,6.2,애니메이션,미국,110분, 2022.01.05,가스 제닝스,"매튜 맥커너히(버스터 문 목소리), 리즈 위더스푼(로지타 목소리), 스칼릿 조핸슨(애쉬 목소리)",전체 관람가,"대국민 오디션 이후 각자의 자리에서 꿈을 이루고 있는 버스터 문(매튜 맥커너히)과 크루들에게레드 쇼어 시티에서 전 세계가 주목하는 사상 최고의 쇼가 펼쳐진다는 소식이 들려오고버스터 문과 크루들은 도전에 나선다.그러나 최고의 스테이지에 서기 위한 경쟁은 이전과는 비교도 할 수 없을 만큼 치열하고,버스터 문은 완벽한 라이브를 위해 종적을 감춘 레전드 뮤지션 클레이(보노)를 캐스팅하겠다는 파격 선언을 하는데!",2%,41%,37%,15%,5%
35939,클래식,https://movie.naver.com/movie/bi/mi/basic.naver?code=35939,9.79,9.44,https://movie-phinf.pstatic.net/20111222_233/1324486884038nu8Xk_JPEG/movie_image.jpg?type=m203_290_2,평점없음,멜로/로맨스,한국,132분, 2003.01.30,곽재용,"손예진(지혜/주희), 조승우(준하), 조인성(상민)",12세 관람가,"같은 대학에 다니는 지혜(손예진)와 수경은 연극반 선배 상민(조인성)을 좋아한다. 하지만 호들갑스런 수경이 상민에게 보낼 편지의 대필을 부탁하고, 지혜는 수경의 이름으로 상민을 향한 자신의 감정을 고백한다. 지혜의 편지로 맺어진 수경과 상민이 가까워지면서 지혜는 괜한 죄의식에 상민을 멀리 하려 하지만, 우연하게도 자꾸만 마주치게 된다. 오래 전, 사랑은 이미 시작되었다... 한편, 아빠를 일찍 여읜 지혜는 지금은 해외 여행 중인 엄마 주희와 단둘이 살다. 엄마의 빈자리를 털기 위해 다락방을 청소하던 지혜는 우연히 엄마의 비밀 상자를 발견하게 된다. 주희의 첫사랑의 기억이 고스란히 담겨있는 비밀 상자를 보면서 지혜는 엄마의 클래식한 사랑을 조금씩 알게 된다. 귀를 기울이면, 그들의 안타까운 사랑이 들려온다!! 1968년 여름... 방학을 맞아 시골 삼촌댁에 간 준하(조승우)는 그곳에서 성주희(손예진)를 만나, 한눈에 그녀에게 매료된다. 그런 주희가 자신에게만 은밀하게 '귀신 나오는 집'에 동행해줄 것을 부탁해온다. 흔쾌히 수락한 준하는 흥분된 마음을 가까스로 누르며 주희와의 약속 장소에 나간다. 그런데 갑작스런 소나기를 만나 배가 떠내려가면서 귀가 시간이 늦어지고, 이 일로 주희는 집안 어른에게 심한 꾸중을 듣고 수원으로 보내진다. 작별 인사도 못하고 헤어진 주희를 향한 준하의 마음은 안타깝기만 하다. 그렇게 방학이 끝나고 학교로 돌아온 준하는 친구 태수에게 연애편지의 대필을 부탁받는데, 상대가 주희란 사실에 깜짝 놀란다. 하지만 태수에게 그 사실을 말하지 못하고, 태수의 이름으로 자신의 마음을 담아 주희에게 편지를 쓴다. 운명이 던져준 또 한번의 인연 편지를 대신 써주며 사랑이 깊어간 엄마와 자신의 묘하게도 닮은 첫사랑. 이 우연의 일치에 내심 의아해하는 지혜는 상민에 대한 생각이 더욱 깊어만 간다. 하지만 이미 친구의 연인이 되어버린 그를 포기하기로 마음먹는데...",7%,57%,14%,21%,0%
18988,라이언 일병 구하기,https://movie.naver.com/movie/bi/mi/basic.naver?code=18988,데이터 없음,9.43,https://movie-phinf.pstatic.net/20111222_4/1324498435937yqCYm_JPEG/movie_image.jpg?type=m203_290_2,평점없음,전쟁,미국,170분, 1998.09.12,스티븐 스필버그,"톰 행크스(존 밀러 대위), 에드워드 번즈(Pvt. 리처드 레이번), 톰 시즈모어(Sgt. 마이클 호바스)",15세 관람가,"1944년 6월 6일 노르망디 상륙 작전. 오마하 해변에 대기하고 있던 병사들은 한치 앞도 내다볼 수 없는 긴장된 상황과 두려움에 무기력함을 감출 수 없었다. 노르망디 해변을 응시하는 밀러 대위(Captain Miller: 톰 행크스 분) 그리고 전쟁 중 가장 어려운 임무를 수행해야할 두려움에 지친 그의 대원들. 지옥을 방불케하는 치열한 총격전이 벌어지고 수 많은 병사들이 총 한번 제대로 쏘지 못하고 쓰러져간다. 마침내 밀러 대위를 위시한 그들은 몇번의 죽을 고비를 넘기고 맡은 바 임무를 완수한다. 같은 시각, 2차 대전이 종전으로 치닫는 치열한 전황 속에서 미 행정부는 전사자 통보 업무를 진행하던 중 충격적인 사실을 발견하게 된다. 4형제 모두 이 전쟁에 참전한 라이언 가에서 며칠간의 시차를 두고 3형제가 이미 전사하고 막내 제임스 라이언 일병(Private Ryan: 맷 데몬 분)만이 프랑스 전선에 생존해 있음을 알게 된 것이다. 네명의 아들 가운데 이미 셋을 잃은 라이언 부인을 위해 미 행정부는 막내 제임스를 구하기 위한 매우 특별한 작전을 지시한다. 결국 사령부에서 막내를 찾아 집으로 보낼 임무는 밀러에게 부여되고, 이것은 이제껏 수행했던 임무보다 훨씬 어렵고 힘든 것이었다. 밀러는 여섯 명의 대원들과 통역병 업햄(Corporal Timothy Upham: 제레미 데이비스 분) 등 새로운 팀을 구성, 작전에 투입된다. 라이언의 행방을 찾아 최전선에 투입된 밀러와 대원들은 미군에게 접수된 마을을 지나던 중 의외로 쉽게 그를 찾아낸다. 하지만 임무 완수의 기쁨도 잠시. 그는 제임스 라이언과 성만 같은 다른 인물로 밝혀진다. 다음 날, 밀러 일행은 우연히 한 부상병을 통해 제임스 라이언이 라멜 지역의 다리를 사수하기 위해 작전에 투입됐고, 현재는 독일군 사이에 고립돼 있다는 사실을 듣게 된다. 단 한명의 목숨을 구하기 위해 여덟 명이 위험을 감수해야할 상황에서 대원들은 과연 ‘라이언 일병 한 명의 생명이 그들 여덟 명의 생명보다 더 가치가 있는 것인가?’라는 끊임없는 혼란에 빠진다. 하지만 지휘관으로서 작전을 끝까지 책임지고 성공적으로 완수해야 할 밀러는 부하들을 설득해 다시 라이언 일병이 있다는 곳으로 향한다. 도중에 독일군과의 간헐적인 전투를 치르면서 결국 밀러 일행은 라멜 외곽지역에서 극적으로 라이언 일병을 찾아낸다. 하지만 라이언은 다리를 사수해야할 동료들을 사지에 남겨두고 혼자 돌아가는 것을 거부하는데.",데이터 없음,데이터 없음,데이터 없음,데이터 없음,데이터 없음
69105,월-E,https://movie.naver.com/movie/bi/mi/basic.naver?code=69105,데이터 없음,9.42,https://movie-phinf.pstatic.net/20111222_250/1324545484806T0DN9_JPEG/movie_image.jpg?type=m203_290_2,7.88,애니메이션,미국,104분, 2008.08.06,앤드류 스탠튼,"벤 버트(월-E / M-O 목소리), 엘리사 나이트(이브 목소리), 제프 갈린(선장 목소리)",전체 관람가,"텅 빈 지구에 홀로 남아 수백 년이란 시간을 외롭게 일만 하며 보내던 월-E (WALL-E: Waste Allocation Load Lifter Earth-Class, 지구 폐기물 수거-처리용 로봇). 그런 그가 매력적인 탐사 로봇 ‘이브’와 마주친 순간, 잡동사니 수집만이 낙이던 인생에도 소중한 목표가 생긴다. 이브는 지구의 미래를 결정할 열쇠가 우연히 월-E의 손에 들어간 사실을 알게 되고, 고향별로 돌아갈 날만 애타게 기다리는 인간들에게 이를 보고하기 위해 서둘러 우주로 향한다. 한편 월-E는 이브를 뒤쫓아 은하를 가로지르며, 스크린 사상 가장 짜릿한 상상이 넘치는 어드벤처를 선사한다. 이제껏 꿈에서도 볼 수 없었던 미래 세계를 배경으로 우주에서 펼쳐지는 월-E의 환상적인 모험! 애완용 바퀴벌레, 용맹스럽지만 어딘가 나사가 빠진 듯한 사회 부적응 로봇 군단 등 일련의 유쾌한 캐릭터들이 여기에 동참한다.",데이터 없음,데이터 없음,데이터 없음,데이터 없음,데이터 없음
156464,보헤미안 랩소디,https://movie.naver.com/movie/bi/mi/basic.naver?code=156464,9.45,9.42,https://movie-phinf.pstatic.net/20181213_264/1544692854634ss65r_JPEG/movie_image.jpg?type=m203_290_2,6.14,드라마,미국,134분, 2018.10.31,브라이언 싱어,"라미 말렉(프레디 머큐리), 루시 보인턴(메리 오스틴), 귈림 리(브라이언 메이)",12세 관람가,"공항에서 수하물 노동자로 일하며 음악의 꿈을 키우던 이민자 출신의 아웃사이더 ‘파록버사라’보컬을 구하던 로컬 밴드에 들어가게 되면서 ‘프레디 머큐리’라는 이름으로 밴드 ‘퀸’을 이끌게 된다. 시대를 앞서가는 독창적인 음악과 화려한 퍼포먼스로 관중들을 사로잡으며 성장하던 ‘퀸’은 라디오와 방송에서 외면을 받을 것이라는 음반사의 반대에도 불구하고 무려 6분 동안 이어지는 실험적인 곡 ‘보헤미안 랩소디’로 대성공을 거두며 월드스타 반열에 오른다.그러나 독보적인 존재감을 뿜어내던 ‘프레디 머큐리’는 솔로 데뷔라는 유혹에 흔들리게 되고결국 오랜 시간 함께 해왔던 멤버들과 결별을 선언하게 되는데…세상에서 소외된 아웃사이더에서 전설의 록밴드 ‘퀸’이 되기까지,우리가 몰랐던 그들의 진짜 이야기가 시작된다!",3%,40%,26%,21%,10%
10002,빽 투 더 퓨쳐,https://movie.naver.com/movie/bi/mi/basic.naver?code=10002,9.39,9.42,https://movie-phinf.pstatic.net/20150924_194/1443056454769VJKkL_JPEG/movie_image.jpg?type=m203_290_2,8.75,SF,미국,120분,2015.10.21 ,로버트 저메키스,"마이클 J. 폭스(마티 맥플라이), 크리스토퍼 로이드(에메트 브라운 박사), 리 톰슨(로레인 베인스 맥플라이)",12세 관람가,"힐 밸리(Hill Valley)에 사는 주인공 마티 맥플라이(Marty McFly: 마이클 J. 폭스 분)는 록큰롤, 스케이트보드, 그리고 자동차를 좋아하는 명랑 쾌할한 고교생으로, 아버지 죠지(George Douglas McFly: 크리스핀 글로버 분)와 어머니 로레인(Lorraine Baines: 리아 톰슨 분), 그리고 형과 누나가 있는 가정의 평범한 청소년이다. 평소 친하게 지내던 괴상한 발명가 에메트 브라운 박사(Dr. EmmDr. Emmett L. ""Doc"" Brown: 크리스토퍼 로이드 분)가 스포츠카 드로리안(DeLorean)을 개조해 타임머신을 만들지만, 뜻밖의 사고로 브라운 박사가 테러범들에게 총을 맞고 위험해진 마티는 급기야 30년 전으로 간다.극장 간판에는 2류 배우인 로널드 레이건이 보이고 청년인 아버지와 어머니를 보게 된다. 그러나 젊은 아버진 여전히 멍청하고, 무엇보다 어머니가 미래의 아들인 마티를 좋아해 야단이다. 마티가 미래로 가는 것을 도와 줄 사람은 30년 전인 젊은 브라운 박사뿐. 댄스 파티가 열리는 날에 아버지와 어머니가 만났던 것을 기억한 마티는 두 사람을 결합시키고자 어머니와 파티장으로 간다. 그런데, 심술장이 밥(Biff Tannen: 토마스 F. 윌슨 분)이 나타나 어머니를 겁탈하려 하나 화가 난 아버지가 일격에 때려 눕혀 그때부터 소심했던 아버지의 성격이 바낀다. 무사히 부모님은 만나 마티의 존재는 없었지지 않지만 마티의 '미래로의 귀환(Back to the future)'이 어려워지는 사태를 맞는데....",2%,61%,18%,16%,2%
10102,사운드 오브 뮤직,https://movie.naver.com/movie/bi/mi/basic.naver?code=10102,9.6,9.42,https://movie-phinf.pstatic.net/20161124_209/1479966118269WuVYF_JPEG/movie_image.jpg?type=m203_290_2,평점없음,멜로/로맨스,미국,172분,2017.02.02 ,로버트 와이즈,"줄리 앤드류스(마리아), 크리스토퍼 플러머(캡틴 조지 본 트랩), 엘레노 파커(남작 부인)",전체 관람가,"음악을 사랑하는 말괄량이 견습 수녀 ‘마리아’는 원장 수녀의 권유로 해군 명문 집안 폰 트랩가의 가정교사가 된다. ‘마리아’는 좀처럼 마음의 문을 열지 않는 폰 트랩가의 일곱 아이들에게 노래를 가르치며 점차 교감하게 되고, 엄격한 ‘폰 트랩 대령’ 역시 마음의 문을 열게 된다. 그러던 어느 날, ‘마리아’는 자신이 ‘폰 트랩 대령’을 사랑하고 있다는 사실을 깨닫게 되고, 자신만의 비밀을 간직한 채 아이들의 곁을 떠나 다시 수녀원에 들어가기로 결심하는데…",10%,80%,0%,10%,0%
17159,포레스트 검프,https://movie.naver.com/movie/bi/mi/basic.naver?code=17159,9.52,9.41,https://movie-phinf.pstatic.net/20160901_187/1472711688297YP2jH_JPEG/movie_image.jpg?type=m203_290_2,7.67,드라마,미국,142분,2016.09.07 ,로버트 저메키스,톰 행크스(포레스트 검프),12세 관람가,"불편한 다리, 남들보다 조금 떨어지는 지능을 가진 외톨이 소년 ‘포레스트 검프’ 헌신적이고 강인한 어머니의 보살핌과 콩깍지 첫사랑 소녀 ‘제니’와의 만남으로 사회의 편견과 괴롭힘 속에서도 따뜻하고 순수한 마음을 지니고 성장한다.여느 날과 같이 또래들의 괴롭힘을 피해 도망치던 포레스트는 누구보다 빠르게 달릴 수 있는 자신의 재능을 깨닫고 늘 달리는 삶을 살아간다. 포레스트의 재능을 발견한 대학에서 그를 미식축구 선수로 발탁하고, 졸업 후에도 뛰어난 신체능력으로 군에 들어가 누구도 예상치 못한 성과를 거둬 무공훈장을 수여받는 등 탄탄한 인생 가도에 오르게 된 포레스트.하지만 영원히 행복할 것만 같았던 시간도 잠시, 어머니가 병에 걸려 죽음을 맞이하고 첫사랑 제니 역시 그의 곁을 떠나가며 다시 한번 인생의 전환점을 맞이하게 되는데… 과연, 포레스트는 진정한 삶의 행복을 발견할 수 있을까?진정한 삶의 가치와 의미를 제시하는 감동 바이블!올 가을, 다시 한번 세상에서 가장 눈부신 달리기가 시작된다! “Run! Forrest Run!”",5%,56%,27%,12%,1%
106360,위대한 쇼맨,https://movie.naver.com/movie/bi/mi/basic.naver?code=106360,9.31,9.41,https://movie-phinf.pstatic.net/20171218_47/1513561221134wvRja_JPEG/movie_image.jpg?type=m203_290_2,6.6,드라마,미국,104분,2020.05.21 ,마이클 그레이시,"휴 잭맨(P.T. 바넘), 잭 에프론(필립 칼라일), 미셸 윌리엄스(채러티 바넘)",12세 관람가,"쇼 비즈니스의 창시자이자, 꿈의 무대로 전세계를 매료시킨 남자‘바넘’의 이야기에서 영감을 받아 탄생한 오리지널 뮤지컬 영화 <위대한 쇼맨>.<레미제라블> 이후 다시 뮤지컬 영화로 돌아온 휴 잭맨부터 잭 에프론, 미셸 윌리엄스, 레베카 퍼거슨, 젠다야까지할리우드 최고의 배우들이 합류해 환상적인 앙상블을 선보인다.여기에 <미녀와 야수> 제작진과 <라라랜드> 작사팀의 합류로더욱 풍성해진 비주얼과 스토리, 음악까지 선보일 <위대한 쇼맨>은‘우리는 누구나 특별하다’는 메시지로 관객들에게 재미는 물론, 감동까지 선사할 것이다.THIS IS ME! 우리는 누구나 특별하다!",6%,59%,19%,11%,5%
29217,글래디에이터,https://movie.naver.com/movie/bi/mi/basic.naver?code=29217,데이터 없음,9.41,https://movie-phinf.pstatic.net/20130419_151/1366338731242XqgJS_JPEG/movie_image.jpg?type=m203_290_2,평점없음,액션,미국,154분, 2000.06.03,리들리 스콧,"러셀 크로우(막시무스), 호아킨 피닉스(코모두스), 코니 닐슨(루실라)",15세 관람가,"{절정기의 로마제국은 그 영토가 광대하여 아프리카 사막에서 잉글랜드 북쪽까지 걸쳐 있었다. 그 당시 세계는 그 총인구의 1/4이 로마 황제의 지배 하에 있었다. 때는 서기 180년, 마르커스 아우렐리우스(Marcus Aurelius) 황제의 12년에 걸친 게르마니아(Germania) 정벌이 거의 마무리되던 무렵이었다. 마지막 하나 남은 적의 요새만 함락하면 이제 로마 제국은 평화가 온다.} 평화로운 '5현제 시대'가 막바지에 이른 서기 180년 로마. 어두운 삼림. 수백명의 부대가 숨을 죽이고 서 있다. 마치 폭풍전야와 같이. 장군의 신호가 울리고 거대한 함성소리와 함께 하늘에는 불화살, 불타는 점토 항아리가 난무하고, 땅위는 수많은 병사들의 피로 물든다. 철인(哲人) 황제 마르쿠스 아우렐리우스(Marcus Aurelius: 리차드 해리스 분)가 아들처럼 친애하는 장군 막시무스(General Maximus: 러셀 크로우 분)는 다뉴브 강가 전투에서 대승한다. 죽을 날이 머지않은 황제 마르쿠스 아우렐리우스는 막시무스를 총애하여, 아들이 아닌 그에게 왕위를 넘겨주기로 한다. 그러나 황제의 아들 코모두스는 이에 질투와 분노를 느껴 급기야 황제를 살해한다. 왕좌를 이어받은 코모두스는 막시무스와 그의 가족을 죽이라고 명령한다. 가족을 모두 잃고 혼자 겨우 살아남게 된 막시무스는 노예로 전락하고, 투기장의 검투사로 매일 훈련을 받는다. 그에게 남은 건 오로지 새로 즉위한 황제 코모두스에 대한 복수 뿐. 검투사로서 매 경기마다 승리로 이끌면서 살아남자 그의 명성과 인기는 날로 높아간다. 로마로 돌아온 그는 아내와 아들을 죽인 코모두스에 대한 복수를 다짐한다. 그러던 어느날, 오래전 사랑했던 황제의 누이 루실라(Lucilla: 코니 닐슨 분)를 다시 만나게 된다. 어느 새 민중의 영웅이 된 막시무스. 코모두스는 그가 아직 살아있음을 알고 분노하지만 민중이 두려워 그를 죽이지 못한다. 드디어 막시무스는 예전의 부하들과 은밀히 만나 사랑하는 아내와 아들, 존경하던 황제를 살해한 난폭한 황제 코모두스에 대한 복수를 결의한다. 아직도 막시무스를 사랑하고 있는 루실라는 동생 코모두스를 배신하고 막시무스의 반란을 도우려 하는데.",데이터 없음,데이터 없음,데이터 없음,데이터 없음,데이터 없음
18847,타이타닉,https://movie.naver.com/movie/bi/mi/basic.naver?code=18847,9.88,9.41,https://movie-phinf.pstatic.net/20181129_107/1543452551390CN9TW_JPEG/movie_image.jpg?type=m203_290_2,9.33,멜로/로맨스,미국,194분,2018.02.01 ,제임스 카메론,"레오나르도 디카프리오(잭 도슨), 케이트 윈슬렛(로즈 드윗 부카더)",15세 관람가,"우연한 기회로 티켓을 구해 타이타닉호에 올라탄 자유로운 영혼을 가진 화가 잭(레오나르도 디카프리오)은 막강한 재력의 약혼자와 함께 1등실에 승선한 로즈(케이트 윈슬렛)에게 한 눈에 반한다. 진실한 사랑을 꿈꾸던 로즈 또한 생애 처음 황홀한 감정에 휩싸이고, 둘은 운명 같은 사랑에 빠지는데…",14%,59%,13%,9%,5%
22126,인생은 아름다워,https://movie.naver.com/movie/bi/mi/basic.naver?code=22126,9.54,9.41,https://movie-phinf.pstatic.net/20160321_156/14585243498978uRh9_JPEG/movie_image.jpg?type=m203_290_2,8.34,드라마,이탈리아,116분,2016.04.13 ,로베르토 베니니,"로베르토 베니니(귀도), 니콜레타 브라스키(도라)",전체 관람가,"로마에 갓 상경한 시골 총각 ‘귀도’는 운명처럼 만난 여인 ‘도라’에게 첫눈에 반한다. 넘치는 재치와 유머로 약혼자가 있던 그녀를 사로잡은 ‘귀도’는 ‘도라’와 단란한 가정을 꾸리며 분신과도 같은 아들 ‘조수아’를 얻는다. ‘조수아’의 다섯 살 생일, 갑작스레 들이닥친 군인들은 ‘귀도’와 ‘조수아’를 수용소 행 기차에 실어버리고, 소식을 들은 ‘도라’ 역시 기차에 따라 오른다. ‘귀도’는 아들을 달래기 위해 무자비한 수용소 생활을 단체게임이라 속이고 1,000점을 따는 우승자에게는 진짜 탱크가 주어진다고 말한다. 불안한 하루하루가 지나 어느덧 전쟁이 끝났다는 말을 들은 ‘귀도’는 마지막으로 ‘조수아’를 창고에 숨겨둔 채 아내를 찾아 나서는데…전세계를 울린 위대한 사랑, 마법처럼 놀라운 이야기가 찾아온다!",0%,54%,21%,21%,4%
